{
    "accuracy_score": 0.9749391727493917,
    "precision_score": 0.9684813753581661,
    "f1_score": 0.9752344313536908,
    "recall_score": 0.9820823244552058
}