{
    "accuracy_score": 0.9765206812652069,
    "precision_score": 0.9696969696969697,
    "f1_score": 0.9768056723951448,
    "recall_score": 0.9840193704600484
}